Case,RT,Modality,OS,Python
1,35,Auditory,macOS,Python2
2,34,Auditory,macOS,Python2
3,51,Auditory,macOS,Python2
4,51,Auditory,macOS,Python2
5,50,Auditory,macOS,Python2
6,50,Auditory,macOS,Python2
7,34,Auditory,macOS,Python2
8,52,Auditory,macOS,Python2
9,51,Auditory,macOS,Python2
10,35,Auditory,macOS,Python2
11,50,Auditory,macOS,Python2
12,51,Auditory,macOS,Python2
13,51,Auditory,macOS,Python2
14,50,Auditory,macOS,Python2
15,50,Auditory,macOS,Python2
16,51,Auditory,macOS,Python2
17,33,Auditory,macOS,Python2
18,34,Auditory,macOS,Python2
19,51,Auditory,macOS,Python2
20,51,Auditory,macOS,Python2
21,50,Auditory,macOS,Python2
22,52,Auditory,macOS,Python2
23,34,Auditory,macOS,Python2
24,35,Auditory,macOS,Python2
25,53,Auditory,macOS,Python2
26,34,Auditory,macOS,Python2
27,50,Auditory,macOS,Python2
28,34,Auditory,macOS,Python2
29,34,Auditory,macOS,Python2
30,53,Auditory,macOS,Python2
31,52,Auditory,macOS,Python2
32,52,Auditory,macOS,Python2
33,50,Auditory,macOS,Python2
34,33,Auditory,macOS,Python2
35,51,Auditory,macOS,Python2
36,52,Auditory,macOS,Python2
37,51,Auditory,macOS,Python2
38,53,Auditory,macOS,Python2
39,51,Auditory,macOS,Python2
40,50,Auditory,macOS,Python2
41,52,Auditory,macOS,Python2
42,51,Auditory,macOS,Python2
43,51,Auditory,macOS,Python2
44,33,Auditory,macOS,Python2
45,52,Auditory,macOS,Python2
46,51,Auditory,macOS,Python2
47,34,Auditory,macOS,Python2
48,51,Auditory,macOS,Python2
49,34,Auditory,macOS,Python2
50,52,Auditory,macOS,Python2
51,34,Auditory,macOS,Python2
52,34,Auditory,macOS,Python2
53,52,Auditory,macOS,Python2
54,35,Auditory,macOS,Python2
55,52,Auditory,macOS,Python2
56,50,Auditory,macOS,Python2
57,34,Auditory,macOS,Python2
58,51,Auditory,macOS,Python2
59,35,Auditory,macOS,Python2
60,68,Auditory,macOS,Python2
61,51,Auditory,macOS,Python2
62,35,Auditory,macOS,Python2
63,51,Auditory,macOS,Python2
64,53,Auditory,macOS,Python2
65,51,Auditory,macOS,Python2
66,51,Auditory,macOS,Python2
67,33,Auditory,macOS,Python2
68,52,Auditory,macOS,Python2
69,52,Auditory,macOS,Python2
70,52,Auditory,macOS,Python2
71,51,Auditory,macOS,Python2
72,50,Auditory,macOS,Python2
73,51,Auditory,macOS,Python2
74,51,Auditory,macOS,Python2
75,34,Auditory,macOS,Python2
76,51,Auditory,macOS,Python2
77,50,Auditory,macOS,Python2
78,51,Auditory,macOS,Python2
79,51,Auditory,macOS,Python2
80,51,Auditory,macOS,Python2
81,51,Auditory,macOS,Python2
82,34,Auditory,macOS,Python2
83,52,Auditory,macOS,Python2
84,51,Auditory,macOS,Python2
85,33,Auditory,macOS,Python2
86,52,Auditory,macOS,Python2
87,32,Auditory,macOS,Python2
88,51,Auditory,macOS,Python2
89,34,Auditory,macOS,Python2
90,35,Auditory,macOS,Python2
91,50,Auditory,macOS,Python2
92,34,Auditory,macOS,Python2
93,52,Auditory,macOS,Python2
94,50,Auditory,macOS,Python2
95,34,Auditory,macOS,Python2
96,50,Auditory,macOS,Python2
97,51,Auditory,macOS,Python2
98,51,Auditory,macOS,Python2
99,52,Auditory,macOS,Python2
100,34,Auditory,macOS,Python2
101,64,Auditory,Ubuntu,Python2
102,96,Auditory,Ubuntu,Python2
103,144,Auditory,Ubuntu,Python2
104,80,Auditory,Ubuntu,Python2
105,112,Auditory,Ubuntu,Python2
106,96,Auditory,Ubuntu,Python2
107,80,Auditory,Ubuntu,Python2
108,96,Auditory,Ubuntu,Python2
109,80,Auditory,Ubuntu,Python2
110,112,Auditory,Ubuntu,Python2
111,80,Auditory,Ubuntu,Python2
112,96,Auditory,Ubuntu,Python2
113,144,Auditory,Ubuntu,Python2
114,96,Auditory,Ubuntu,Python2
115,112,Auditory,Ubuntu,Python2
116,80,Auditory,Ubuntu,Python2
117,112,Auditory,Ubuntu,Python2
118,128,Auditory,Ubuntu,Python2
119,112,Auditory,Ubuntu,Python2
120,128,Auditory,Ubuntu,Python2
121,112,Auditory,Ubuntu,Python2
122,144,Auditory,Ubuntu,Python2
123,144,Auditory,Ubuntu,Python2
124,128,Auditory,Ubuntu,Python2
125,128,Auditory,Ubuntu,Python2
126,128,Auditory,Ubuntu,Python2
127,112,Auditory,Ubuntu,Python2
128,128,Auditory,Ubuntu,Python2
129,112,Auditory,Ubuntu,Python2
130,144,Auditory,Ubuntu,Python2
131,96,Auditory,Ubuntu,Python2
132,128,Auditory,Ubuntu,Python2
133,96,Auditory,Ubuntu,Python2
134,128,Auditory,Ubuntu,Python2
135,128,Auditory,Ubuntu,Python2
136,144,Auditory,Ubuntu,Python2
137,144,Auditory,Ubuntu,Python2
138,128,Auditory,Ubuntu,Python2
139,112,Auditory,Ubuntu,Python2
140,128,Auditory,Ubuntu,Python2
141,128,Auditory,Ubuntu,Python2
142,144,Auditory,Ubuntu,Python2
143,144,Auditory,Ubuntu,Python2
144,128,Auditory,Ubuntu,Python2
145,128,Auditory,Ubuntu,Python2
146,144,Auditory,Ubuntu,Python2
147,128,Auditory,Ubuntu,Python2
148,112,Auditory,Ubuntu,Python2
149,112,Auditory,Ubuntu,Python2
150,112,Auditory,Ubuntu,Python2
151,144,Auditory,Ubuntu,Python2
152,128,Auditory,Ubuntu,Python2
153,112,Auditory,Ubuntu,Python2
154,144,Auditory,Ubuntu,Python2
155,160,Auditory,Ubuntu,Python2
156,112,Auditory,Ubuntu,Python2
157,128,Auditory,Ubuntu,Python2
158,112,Auditory,Ubuntu,Python2
159,128,Auditory,Ubuntu,Python2
160,112,Auditory,Ubuntu,Python2
161,112,Auditory,Ubuntu,Python2
162,128,Auditory,Ubuntu,Python2
163,144,Auditory,Ubuntu,Python2
164,112,Auditory,Ubuntu,Python2
165,112,Auditory,Ubuntu,Python2
166,128,Auditory,Ubuntu,Python2
167,144,Auditory,Ubuntu,Python2
168,112,Auditory,Ubuntu,Python2
169,128,Auditory,Ubuntu,Python2
170,112,Auditory,Ubuntu,Python2
171,144,Auditory,Ubuntu,Python2
172,112,Auditory,Ubuntu,Python2
173,144,Auditory,Ubuntu,Python2
174,144,Auditory,Ubuntu,Python2
175,112,Auditory,Ubuntu,Python2
176,112,Auditory,Ubuntu,Python2
177,128,Auditory,Ubuntu,Python2
178,128,Auditory,Ubuntu,Python2
179,112,Auditory,Ubuntu,Python2
180,128,Auditory,Ubuntu,Python2
181,128,Auditory,Ubuntu,Python2
182,144,Auditory,Ubuntu,Python2
183,144,Auditory,Ubuntu,Python2
184,144,Auditory,Ubuntu,Python2
185,128,Auditory,Ubuntu,Python2
186,112,Auditory,Ubuntu,Python2
187,128,Auditory,Ubuntu,Python2
188,128,Auditory,Ubuntu,Python2
189,128,Auditory,Ubuntu,Python2
190,128,Auditory,Ubuntu,Python2
191,112,Auditory,Ubuntu,Python2
192,96,Auditory,Ubuntu,Python2
193,128,Auditory,Ubuntu,Python2
194,112,Auditory,Ubuntu,Python2
195,128,Auditory,Ubuntu,Python2
196,112,Auditory,Ubuntu,Python2
197,144,Auditory,Ubuntu,Python2
198,112,Auditory,Ubuntu,Python2
199,128,Auditory,Ubuntu,Python2
200,112,Auditory,Ubuntu,Python2
201,52,Auditory,macOS,Python3
202,34,Auditory,macOS,Python3
203,49,Auditory,macOS,Python3
204,35,Auditory,macOS,Python3
205,51,Auditory,macOS,Python3
206,49,Auditory,macOS,Python3
207,34,Auditory,macOS,Python3
208,52,Auditory,macOS,Python3
209,50,Auditory,macOS,Python3
210,34,Auditory,macOS,Python3
211,53,Auditory,macOS,Python3
212,35,Auditory,macOS,Python3
213,49,Auditory,macOS,Python3
214,35,Auditory,macOS,Python3
215,33,Auditory,macOS,Python3
216,52,Auditory,macOS,Python3
217,53,Auditory,macOS,Python3
218,52,Auditory,macOS,Python3
219,51,Auditory,macOS,Python3
220,35,Auditory,macOS,Python3
221,51,Auditory,macOS,Python3
222,52,Auditory,macOS,Python3
223,52,Auditory,macOS,Python3
224,52,Auditory,macOS,Python3
225,50,Auditory,macOS,Python3
226,50,Auditory,macOS,Python3
227,34,Auditory,macOS,Python3
228,33,Auditory,macOS,Python3
229,53,Auditory,macOS,Python3
230,33,Auditory,macOS,Python3
231,35,Auditory,macOS,Python3
232,50,Auditory,macOS,Python3
233,52,Auditory,macOS,Python3
234,50,Auditory,macOS,Python3
235,51,Auditory,macOS,Python3
236,50,Auditory,macOS,Python3
237,50,Auditory,macOS,Python3
238,53,Auditory,macOS,Python3
239,35,Auditory,macOS,Python3
240,51,Auditory,macOS,Python3
241,52,Auditory,macOS,Python3
242,35,Auditory,macOS,Python3
243,50,Auditory,macOS,Python3
244,34,Auditory,macOS,Python3
245,50,Auditory,macOS,Python3
246,53,Auditory,macOS,Python3
247,35,Auditory,macOS,Python3
248,51,Auditory,macOS,Python3
249,35,Auditory,macOS,Python3
250,50,Auditory,macOS,Python3
251,35,Auditory,macOS,Python3
252,53,Auditory,macOS,Python3
253,51,Auditory,macOS,Python3
254,34,Auditory,macOS,Python3
255,53,Auditory,macOS,Python3
256,50,Auditory,macOS,Python3
257,34,Auditory,macOS,Python3
258,54,Auditory,macOS,Python3
259,34,Auditory,macOS,Python3
260,51,Auditory,macOS,Python3
261,34,Auditory,macOS,Python3
262,33,Auditory,macOS,Python3
263,51,Auditory,macOS,Python3
264,34,Auditory,macOS,Python3
265,34,Auditory,macOS,Python3
266,34,Auditory,macOS,Python3
267,51,Auditory,macOS,Python3
268,51,Auditory,macOS,Python3
269,53,Auditory,macOS,Python3
270,33,Auditory,macOS,Python3
271,49,Auditory,macOS,Python3
272,35,Auditory,macOS,Python3
273,50,Auditory,macOS,Python3
274,52,Auditory,macOS,Python3
275,34,Auditory,macOS,Python3
276,51,Auditory,macOS,Python3
277,53,Auditory,macOS,Python3
278,51,Auditory,macOS,Python3
279,53,Auditory,macOS,Python3
280,50,Auditory,macOS,Python3
281,51,Auditory,macOS,Python3
282,34,Auditory,macOS,Python3
283,51,Auditory,macOS,Python3
284,53,Auditory,macOS,Python3
285,34,Auditory,macOS,Python3
286,52,Auditory,macOS,Python3
287,34,Auditory,macOS,Python3
288,53,Auditory,macOS,Python3
289,34,Auditory,macOS,Python3
290,35,Auditory,macOS,Python3
291,50,Auditory,macOS,Python3
292,35,Auditory,macOS,Python3
293,52,Auditory,macOS,Python3
294,52,Auditory,macOS,Python3
295,35,Auditory,macOS,Python3
296,51,Auditory,macOS,Python3
297,34,Auditory,macOS,Python3
298,33,Auditory,macOS,Python3
299,51,Auditory,macOS,Python3
300,35,Auditory,macOS,Python3
301,64,Auditory,Ubuntu,Python3
302,64,Auditory,Ubuntu,Python3
303,64,Auditory,Ubuntu,Python3
304,64,Auditory,Ubuntu,Python3
305,96,Auditory,Ubuntu,Python3
306,64,Auditory,Ubuntu,Python3
307,80,Auditory,Ubuntu,Python3
308,80,Auditory,Ubuntu,Python3
309,80,Auditory,Ubuntu,Python3
310,80,Auditory,Ubuntu,Python3
311,64,Auditory,Ubuntu,Python3
312,64,Auditory,Ubuntu,Python3
313,64,Auditory,Ubuntu,Python3
314,64,Auditory,Ubuntu,Python3
315,80,Auditory,Ubuntu,Python3
316,64,Auditory,Ubuntu,Python3
317,64,Auditory,Ubuntu,Python3
318,96,Auditory,Ubuntu,Python3
319,96,Auditory,Ubuntu,Python3
320,96,Auditory,Ubuntu,Python3
321,80,Auditory,Ubuntu,Python3
322,80,Auditory,Ubuntu,Python3
323,80,Auditory,Ubuntu,Python3
324,80,Auditory,Ubuntu,Python3
325,80,Auditory,Ubuntu,Python3
326,96,Auditory,Ubuntu,Python3
327,64,Auditory,Ubuntu,Python3
328,64,Auditory,Ubuntu,Python3
329,64,Auditory,Ubuntu,Python3
330,64,Auditory,Ubuntu,Python3
331,96,Auditory,Ubuntu,Python3
332,96,Auditory,Ubuntu,Python3
333,96,Auditory,Ubuntu,Python3
334,96,Auditory,Ubuntu,Python3
335,80,Auditory,Ubuntu,Python3
336,80,Auditory,Ubuntu,Python3
337,80,Auditory,Ubuntu,Python3
338,64,Auditory,Ubuntu,Python3
339,80,Auditory,Ubuntu,Python3
340,112,Auditory,Ubuntu,Python3
341,96,Auditory,Ubuntu,Python3
342,96,Auditory,Ubuntu,Python3
343,96,Auditory,Ubuntu,Python3
344,96,Auditory,Ubuntu,Python3
345,96,Auditory,Ubuntu,Python3
346,96,Auditory,Ubuntu,Python3
347,80,Auditory,Ubuntu,Python3
348,80,Auditory,Ubuntu,Python3
349,80,Auditory,Ubuntu,Python3
350,80,Auditory,Ubuntu,Python3
351,80,Auditory,Ubuntu,Python3
352,96,Auditory,Ubuntu,Python3
353,96,Auditory,Ubuntu,Python3
354,96,Auditory,Ubuntu,Python3
355,96,Auditory,Ubuntu,Python3
356,96,Auditory,Ubuntu,Python3
357,80,Auditory,Ubuntu,Python3
358,80,Auditory,Ubuntu,Python3
359,80,Auditory,Ubuntu,Python3
360,80,Auditory,Ubuntu,Python3
361,80,Auditory,Ubuntu,Python3
362,80,Auditory,Ubuntu,Python3
363,112,Auditory,Ubuntu,Python3
364,112,Auditory,Ubuntu,Python3
365,96,Auditory,Ubuntu,Python3
366,80,Auditory,Ubuntu,Python3
367,80,Auditory,Ubuntu,Python3
368,80,Auditory,Ubuntu,Python3
369,96,Auditory,Ubuntu,Python3
370,80,Auditory,Ubuntu,Python3
371,80,Auditory,Ubuntu,Python3
372,80,Auditory,Ubuntu,Python3
373,80,Auditory,Ubuntu,Python3
374,80,Auditory,Ubuntu,Python3
375,64,Auditory,Ubuntu,Python3
376,80,Auditory,Ubuntu,Python3
377,80,Auditory,Ubuntu,Python3
378,80,Auditory,Ubuntu,Python3
379,80,Auditory,Ubuntu,Python3
380,80,Auditory,Ubuntu,Python3
381,80,Auditory,Ubuntu,Python3
382,80,Auditory,Ubuntu,Python3
383,64,Auditory,Ubuntu,Python3
384,96,Auditory,Ubuntu,Python3
385,96,Auditory,Ubuntu,Python3
386,96,Auditory,Ubuntu,Python3
387,96,Auditory,Ubuntu,Python3
388,80,Auditory,Ubuntu,Python3
389,80,Auditory,Ubuntu,Python3
390,80,Auditory,Ubuntu,Python3
391,80,Auditory,Ubuntu,Python3
392,112,Auditory,Ubuntu,Python3
393,96,Auditory,Ubuntu,Python3
394,96,Auditory,Ubuntu,Python3
395,96,Auditory,Ubuntu,Python3
396,80,Auditory,Ubuntu,Python3
397,80,Auditory,Ubuntu,Python3
398,96,Auditory,Ubuntu,Python3
399,80,Auditory,Ubuntu,Python3
400,80,Auditory,Ubuntu,Python3
401,70,Visual,macOS,Python2
402,71,Visual,macOS,Python2
403,71,Visual,macOS,Python2
404,71,Visual,macOS,Python2
405,73,Visual,macOS,Python2
406,72,Visual,macOS,Python2
407,75,Visual,macOS,Python2
408,72,Visual,macOS,Python2
409,72,Visual,macOS,Python2
410,71,Visual,macOS,Python2
411,71,Visual,macOS,Python2
412,72,Visual,macOS,Python2
413,71,Visual,macOS,Python2
414,71,Visual,macOS,Python2
415,73,Visual,macOS,Python2
416,70,Visual,macOS,Python2
417,73,Visual,macOS,Python2
418,72,Visual,macOS,Python2
419,70,Visual,macOS,Python2
420,72,Visual,macOS,Python2
421,70,Visual,macOS,Python2
422,73,Visual,macOS,Python2
423,72,Visual,macOS,Python2
424,70,Visual,macOS,Python2
425,73,Visual,macOS,Python2
426,71,Visual,macOS,Python2
427,71,Visual,macOS,Python2
428,69,Visual,macOS,Python2
429,71,Visual,macOS,Python2
430,72,Visual,macOS,Python2
431,71,Visual,macOS,Python2
432,70,Visual,macOS,Python2
433,71,Visual,macOS,Python2
434,71,Visual,macOS,Python2
435,73,Visual,macOS,Python2
436,73,Visual,macOS,Python2
437,73,Visual,macOS,Python2
438,71,Visual,macOS,Python2
439,71,Visual,macOS,Python2
440,71,Visual,macOS,Python2
441,70,Visual,macOS,Python2
442,73,Visual,macOS,Python2
443,72,Visual,macOS,Python2
444,75,Visual,macOS,Python2
445,72,Visual,macOS,Python2
446,72,Visual,macOS,Python2
447,73,Visual,macOS,Python2
448,71,Visual,macOS,Python2
449,70,Visual,macOS,Python2
450,73,Visual,macOS,Python2
451,74,Visual,macOS,Python2
452,73,Visual,macOS,Python2
453,75,Visual,macOS,Python2
454,72,Visual,macOS,Python2
455,74,Visual,macOS,Python2
456,71,Visual,macOS,Python2
457,70,Visual,macOS,Python2
458,71,Visual,macOS,Python2
459,72,Visual,macOS,Python2
460,72,Visual,macOS,Python2
461,71,Visual,macOS,Python2
462,72,Visual,macOS,Python2
463,72,Visual,macOS,Python2
464,71,Visual,macOS,Python2
465,71,Visual,macOS,Python2
466,72,Visual,macOS,Python2
467,71,Visual,macOS,Python2
468,73,Visual,macOS,Python2
469,71,Visual,macOS,Python2
470,72,Visual,macOS,Python2
471,74,Visual,macOS,Python2
472,74,Visual,macOS,Python2
473,72,Visual,macOS,Python2
474,71,Visual,macOS,Python2
475,70,Visual,macOS,Python2
476,72,Visual,macOS,Python2
477,73,Visual,macOS,Python2
478,74,Visual,macOS,Python2
479,71,Visual,macOS,Python2
480,72,Visual,macOS,Python2
481,71,Visual,macOS,Python2
482,73,Visual,macOS,Python2
483,71,Visual,macOS,Python2
484,71,Visual,macOS,Python2
485,72,Visual,macOS,Python2
486,71,Visual,macOS,Python2
487,71,Visual,macOS,Python2
488,71,Visual,macOS,Python2
489,70,Visual,macOS,Python2
490,71,Visual,macOS,Python2
491,71,Visual,macOS,Python2
492,71,Visual,macOS,Python2
493,72,Visual,macOS,Python2
494,71,Visual,macOS,Python2
495,74,Visual,macOS,Python2
496,70,Visual,macOS,Python2
497,71,Visual,macOS,Python2
498,71,Visual,macOS,Python2
499,72,Visual,macOS,Python2
500,72,Visual,macOS,Python2
501,48,Visual,Ubuntu,Python2
502,48,Visual,Ubuntu,Python2
503,48,Visual,Ubuntu,Python2
504,64,Visual,Ubuntu,Python2
505,48,Visual,Ubuntu,Python2
506,64,Visual,Ubuntu,Python2
507,48,Visual,Ubuntu,Python2
508,48,Visual,Ubuntu,Python2
509,48,Visual,Ubuntu,Python2
510,48,Visual,Ubuntu,Python2
511,48,Visual,Ubuntu,Python2
512,48,Visual,Ubuntu,Python2
513,48,Visual,Ubuntu,Python2
514,48,Visual,Ubuntu,Python2
515,48,Visual,Ubuntu,Python2
516,48,Visual,Ubuntu,Python2
517,48,Visual,Ubuntu,Python2
518,64,Visual,Ubuntu,Python2
519,48,Visual,Ubuntu,Python2
520,64,Visual,Ubuntu,Python2
521,48,Visual,Ubuntu,Python2
522,48,Visual,Ubuntu,Python2
523,48,Visual,Ubuntu,Python2
524,48,Visual,Ubuntu,Python2
525,48,Visual,Ubuntu,Python2
526,48,Visual,Ubuntu,Python2
527,64,Visual,Ubuntu,Python2
528,48,Visual,Ubuntu,Python2
529,64,Visual,Ubuntu,Python2
530,48,Visual,Ubuntu,Python2
531,48,Visual,Ubuntu,Python2
532,48,Visual,Ubuntu,Python2
533,48,Visual,Ubuntu,Python2
534,64,Visual,Ubuntu,Python2
535,48,Visual,Ubuntu,Python2
536,64,Visual,Ubuntu,Python2
537,48,Visual,Ubuntu,Python2
538,64,Visual,Ubuntu,Python2
539,48,Visual,Ubuntu,Python2
540,48,Visual,Ubuntu,Python2
541,48,Visual,Ubuntu,Python2
542,48,Visual,Ubuntu,Python2
543,64,Visual,Ubuntu,Python2
544,48,Visual,Ubuntu,Python2
545,48,Visual,Ubuntu,Python2
546,48,Visual,Ubuntu,Python2
547,48,Visual,Ubuntu,Python2
548,64,Visual,Ubuntu,Python2
549,48,Visual,Ubuntu,Python2
550,64,Visual,Ubuntu,Python2
551,48,Visual,Ubuntu,Python2
552,48,Visual,Ubuntu,Python2
553,48,Visual,Ubuntu,Python2
554,48,Visual,Ubuntu,Python2
555,64,Visual,Ubuntu,Python2
556,48,Visual,Ubuntu,Python2
557,64,Visual,Ubuntu,Python2
558,48,Visual,Ubuntu,Python2
559,64,Visual,Ubuntu,Python2
560,48,Visual,Ubuntu,Python2
561,48,Visual,Ubuntu,Python2
562,64,Visual,Ubuntu,Python2
563,48,Visual,Ubuntu,Python2
564,64,Visual,Ubuntu,Python2
565,48,Visual,Ubuntu,Python2
566,64,Visual,Ubuntu,Python2
567,48,Visual,Ubuntu,Python2
568,48,Visual,Ubuntu,Python2
569,48,Visual,Ubuntu,Python2
570,48,Visual,Ubuntu,Python2
571,64,Visual,Ubuntu,Python2
572,48,Visual,Ubuntu,Python2
573,64,Visual,Ubuntu,Python2
574,48,Visual,Ubuntu,Python2
575,48,Visual,Ubuntu,Python2
576,48,Visual,Ubuntu,Python2
577,48,Visual,Ubuntu,Python2
578,64,Visual,Ubuntu,Python2
579,48,Visual,Ubuntu,Python2
580,64,Visual,Ubuntu,Python2
581,48,Visual,Ubuntu,Python2
582,64,Visual,Ubuntu,Python2
583,48,Visual,Ubuntu,Python2
584,48,Visual,Ubuntu,Python2
585,48,Visual,Ubuntu,Python2
586,48,Visual,Ubuntu,Python2
587,64,Visual,Ubuntu,Python2
588,48,Visual,Ubuntu,Python2
589,64,Visual,Ubuntu,Python2
590,48,Visual,Ubuntu,Python2
591,64,Visual,Ubuntu,Python2
592,48,Visual,Ubuntu,Python2
593,48,Visual,Ubuntu,Python2
594,64,Visual,Ubuntu,Python2
595,48,Visual,Ubuntu,Python2
596,64,Visual,Ubuntu,Python2
597,48,Visual,Ubuntu,Python2
598,64,Visual,Ubuntu,Python2
599,48,Visual,Ubuntu,Python2
600,48,Visual,Ubuntu,Python2
601,71,Visual,macOS,Python3
602,71,Visual,macOS,Python3
603,70,Visual,macOS,Python3
604,71,Visual,macOS,Python3
605,72,Visual,macOS,Python3
606,72,Visual,macOS,Python3
607,70,Visual,macOS,Python3
608,71,Visual,macOS,Python3
609,70,Visual,macOS,Python3
610,71,Visual,macOS,Python3
611,71,Visual,macOS,Python3
612,70,Visual,macOS,Python3
613,72,Visual,macOS,Python3
614,88,Visual,macOS,Python3
615,87,Visual,macOS,Python3
616,69,Visual,macOS,Python3
617,88,Visual,macOS,Python3
618,70,Visual,macOS,Python3
619,70,Visual,macOS,Python3
620,70,Visual,macOS,Python3
621,70,Visual,macOS,Python3
622,70,Visual,macOS,Python3
623,71,Visual,macOS,Python3
624,70,Visual,macOS,Python3
625,70,Visual,macOS,Python3
626,71,Visual,macOS,Python3
627,70,Visual,macOS,Python3
628,70,Visual,macOS,Python3
629,72,Visual,macOS,Python3
630,71,Visual,macOS,Python3
631,71,Visual,macOS,Python3
632,72,Visual,macOS,Python3
633,71,Visual,macOS,Python3
634,71,Visual,macOS,Python3
635,87,Visual,macOS,Python3
636,71,Visual,macOS,Python3
637,70,Visual,macOS,Python3
638,72,Visual,macOS,Python3
639,71,Visual,macOS,Python3
640,70,Visual,macOS,Python3
641,70,Visual,macOS,Python3
642,72,Visual,macOS,Python3
643,70,Visual,macOS,Python3
644,71,Visual,macOS,Python3
645,71,Visual,macOS,Python3
646,71,Visual,macOS,Python3
647,71,Visual,macOS,Python3
648,73,Visual,macOS,Python3
649,70,Visual,macOS,Python3
650,70,Visual,macOS,Python3
651,70,Visual,macOS,Python3
652,70,Visual,macOS,Python3
653,72,Visual,macOS,Python3
654,72,Visual,macOS,Python3
655,70,Visual,macOS,Python3
656,72,Visual,macOS,Python3
657,71,Visual,macOS,Python3
658,89,Visual,macOS,Python3
659,70,Visual,macOS,Python3
660,75,Visual,macOS,Python3
661,71,Visual,macOS,Python3
662,71,Visual,macOS,Python3
663,88,Visual,macOS,Python3
664,72,Visual,macOS,Python3
665,71,Visual,macOS,Python3
666,72,Visual,macOS,Python3
667,73,Visual,macOS,Python3
668,74,Visual,macOS,Python3
669,72,Visual,macOS,Python3
670,70,Visual,macOS,Python3
671,70,Visual,macOS,Python3
672,71,Visual,macOS,Python3
673,73,Visual,macOS,Python3
674,70,Visual,macOS,Python3
675,73,Visual,macOS,Python3
676,72,Visual,macOS,Python3
677,71,Visual,macOS,Python3
678,88,Visual,macOS,Python3
679,71,Visual,macOS,Python3
680,71,Visual,macOS,Python3
681,70,Visual,macOS,Python3
682,69,Visual,macOS,Python3
683,69,Visual,macOS,Python3
684,71,Visual,macOS,Python3
685,70,Visual,macOS,Python3
686,70,Visual,macOS,Python3
687,71,Visual,macOS,Python3
688,71,Visual,macOS,Python3
689,70,Visual,macOS,Python3
690,70,Visual,macOS,Python3
691,71,Visual,macOS,Python3
692,70,Visual,macOS,Python3
693,71,Visual,macOS,Python3
694,70,Visual,macOS,Python3
695,71,Visual,macOS,Python3
696,71,Visual,macOS,Python3
697,71,Visual,macOS,Python3
698,71,Visual,macOS,Python3
699,72,Visual,macOS,Python3
700,71,Visual,macOS,Python3
701,64,Visual,Ubuntu,Python3
702,64,Visual,Ubuntu,Python3
703,64,Visual,Ubuntu,Python3
704,64,Visual,Ubuntu,Python3
705,64,Visual,Ubuntu,Python3
706,64,Visual,Ubuntu,Python3
707,64,Visual,Ubuntu,Python3
708,64,Visual,Ubuntu,Python3
709,64,Visual,Ubuntu,Python3
710,64,Visual,Ubuntu,Python3
711,64,Visual,Ubuntu,Python3
712,64,Visual,Ubuntu,Python3
713,64,Visual,Ubuntu,Python3
714,64,Visual,Ubuntu,Python3
715,64,Visual,Ubuntu,Python3
716,64,Visual,Ubuntu,Python3
717,64,Visual,Ubuntu,Python3
718,64,Visual,Ubuntu,Python3
719,64,Visual,Ubuntu,Python3
720,64,Visual,Ubuntu,Python3
721,64,Visual,Ubuntu,Python3
722,64,Visual,Ubuntu,Python3
723,64,Visual,Ubuntu,Python3
724,64,Visual,Ubuntu,Python3
725,64,Visual,Ubuntu,Python3
726,64,Visual,Ubuntu,Python3
727,64,Visual,Ubuntu,Python3
728,64,Visual,Ubuntu,Python3
729,64,Visual,Ubuntu,Python3
730,64,Visual,Ubuntu,Python3
731,64,Visual,Ubuntu,Python3
732,64,Visual,Ubuntu,Python3
733,64,Visual,Ubuntu,Python3
734,64,Visual,Ubuntu,Python3
735,64,Visual,Ubuntu,Python3
736,48,Visual,Ubuntu,Python3
737,64,Visual,Ubuntu,Python3
738,64,Visual,Ubuntu,Python3
739,64,Visual,Ubuntu,Python3
740,64,Visual,Ubuntu,Python3
741,64,Visual,Ubuntu,Python3
742,64,Visual,Ubuntu,Python3
743,48,Visual,Ubuntu,Python3
744,64,Visual,Ubuntu,Python3
745,64,Visual,Ubuntu,Python3
746,64,Visual,Ubuntu,Python3
747,64,Visual,Ubuntu,Python3
748,64,Visual,Ubuntu,Python3
749,64,Visual,Ubuntu,Python3
750,64,Visual,Ubuntu,Python3
751,64,Visual,Ubuntu,Python3
752,64,Visual,Ubuntu,Python3
753,64,Visual,Ubuntu,Python3
754,64,Visual,Ubuntu,Python3
755,64,Visual,Ubuntu,Python3
756,64,Visual,Ubuntu,Python3
757,64,Visual,Ubuntu,Python3
758,64,Visual,Ubuntu,Python3
759,64,Visual,Ubuntu,Python3
760,64,Visual,Ubuntu,Python3
761,64,Visual,Ubuntu,Python3
762,48,Visual,Ubuntu,Python3
763,64,Visual,Ubuntu,Python3
764,64,Visual,Ubuntu,Python3
765,64,Visual,Ubuntu,Python3
766,64,Visual,Ubuntu,Python3
767,64,Visual,Ubuntu,Python3
768,64,Visual,Ubuntu,Python3
769,48,Visual,Ubuntu,Python3
770,64,Visual,Ubuntu,Python3
771,64,Visual,Ubuntu,Python3
772,64,Visual,Ubuntu,Python3
773,64,Visual,Ubuntu,Python3
774,64,Visual,Ubuntu,Python3
775,64,Visual,Ubuntu,Python3
776,64,Visual,Ubuntu,Python3
777,64,Visual,Ubuntu,Python3
778,48,Visual,Ubuntu,Python3
779,64,Visual,Ubuntu,Python3
780,64,Visual,Ubuntu,Python3
781,64,Visual,Ubuntu,Python3
782,64,Visual,Ubuntu,Python3
783,64,Visual,Ubuntu,Python3
784,64,Visual,Ubuntu,Python3
785,48,Visual,Ubuntu,Python3
786,64,Visual,Ubuntu,Python3
787,64,Visual,Ubuntu,Python3
788,64,Visual,Ubuntu,Python3
789,64,Visual,Ubuntu,Python3
790,64,Visual,Ubuntu,Python3
791,64,Visual,Ubuntu,Python3
792,48,Visual,Ubuntu,Python3
793,64,Visual,Ubuntu,Python3
794,64,Visual,Ubuntu,Python3
795,64,Visual,Ubuntu,Python3
796,64,Visual,Ubuntu,Python3
797,64,Visual,Ubuntu,Python3
798,64,Visual,Ubuntu,Python3
799,64,Visual,Ubuntu,Python3
800,64,Visual,Ubuntu,Python3
801,80,Auditory,Windows,Python2
802,80,Auditory,Windows,Python2
803,64,Auditory,Windows,Python2
804,80,Auditory,Windows,Python2
805,64,Auditory,Windows,Python2
806,64,Auditory,Windows,Python2
807,80,Auditory,Windows,Python2
808,64,Auditory,Windows,Python2
809,64,Auditory,Windows,Python2
810,80,Auditory,Windows,Python2
811,80,Auditory,Windows,Python2
812,64,Auditory,Windows,Python2
813,80,Auditory,Windows,Python2
814,80,Auditory,Windows,Python2
815,64,Auditory,Windows,Python2
816,64,Auditory,Windows,Python2
817,80,Auditory,Windows,Python2
818,64,Auditory,Windows,Python2
819,64,Auditory,Windows,Python2
820,80,Auditory,Windows,Python2
821,64,Auditory,Windows,Python2
822,64,Auditory,Windows,Python2
823,64,Auditory,Windows,Python2
824,80,Auditory,Windows,Python2
825,64,Auditory,Windows,Python2
826,64,Auditory,Windows,Python2
827,80,Auditory,Windows,Python2
828,64,Auditory,Windows,Python2
829,64,Auditory,Windows,Python2
830,64,Auditory,Windows,Python2
831,64,Auditory,Windows,Python2
832,80,Auditory,Windows,Python2
833,64,Auditory,Windows,Python2
834,80,Auditory,Windows,Python2
835,64,Auditory,Windows,Python2
836,64,Auditory,Windows,Python2
837,64,Auditory,Windows,Python2
838,80,Auditory,Windows,Python2
839,64,Auditory,Windows,Python2
840,64,Auditory,Windows,Python2
841,64,Auditory,Windows,Python2
842,64,Auditory,Windows,Python2
843,64,Auditory,Windows,Python2
844,80,Auditory,Windows,Python2
845,64,Auditory,Windows,Python2
846,64,Auditory,Windows,Python2
847,80,Auditory,Windows,Python2
848,64,Auditory,Windows,Python2
849,80,Auditory,Windows,Python2
850,64,Auditory,Windows,Python2
851,64,Auditory,Windows,Python2
852,64,Auditory,Windows,Python2
853,64,Auditory,Windows,Python2
854,64,Auditory,Windows,Python2
855,64,Auditory,Windows,Python2
856,64,Auditory,Windows,Python2
857,64,Auditory,Windows,Python2
858,64,Auditory,Windows,Python2
859,80,Auditory,Windows,Python2
860,64,Auditory,Windows,Python2
861,64,Auditory,Windows,Python2
862,64,Auditory,Windows,Python2
863,64,Auditory,Windows,Python2
864,64,Auditory,Windows,Python2
865,64,Auditory,Windows,Python2
866,64,Auditory,Windows,Python2
867,80,Auditory,Windows,Python2
868,64,Auditory,Windows,Python2
869,64,Auditory,Windows,Python2
870,64,Auditory,Windows,Python2
871,64,Auditory,Windows,Python2
872,80,Auditory,Windows,Python2
873,64,Auditory,Windows,Python2
874,64,Auditory,Windows,Python2
875,64,Auditory,Windows,Python2
876,64,Auditory,Windows,Python2
877,80,Auditory,Windows,Python2
878,64,Auditory,Windows,Python2
879,64,Auditory,Windows,Python2
880,64,Auditory,Windows,Python2
881,64,Auditory,Windows,Python2
882,80,Auditory,Windows,Python2
883,64,Auditory,Windows,Python2
884,64,Auditory,Windows,Python2
885,64,Auditory,Windows,Python2
886,80,Auditory,Windows,Python2
887,64,Auditory,Windows,Python2
888,64,Auditory,Windows,Python2
889,80,Auditory,Windows,Python2
890,64,Auditory,Windows,Python2
891,64,Auditory,Windows,Python2
892,64,Auditory,Windows,Python2
893,80,Auditory,Windows,Python2
894,80,Auditory,Windows,Python2
895,64,Auditory,Windows,Python2
896,64,Auditory,Windows,Python2
897,80,Auditory,Windows,Python2
898,64,Auditory,Windows,Python2
899,64,Auditory,Windows,Python2
900,80,Auditory,Windows,Python2
901,64,Auditory,Windows,Python3
902,64,Auditory,Windows,Python3
903,64,Auditory,Windows,Python3
904,64,Auditory,Windows,Python3
905,64,Auditory,Windows,Python3
906,64,Auditory,Windows,Python3
907,64,Auditory,Windows,Python3
908,64,Auditory,Windows,Python3
909,64,Auditory,Windows,Python3
910,64,Auditory,Windows,Python3
911,64,Auditory,Windows,Python3
912,80,Auditory,Windows,Python3
913,64,Auditory,Windows,Python3
914,64,Auditory,Windows,Python3
915,64,Auditory,Windows,Python3
916,64,Auditory,Windows,Python3
917,64,Auditory,Windows,Python3
918,64,Auditory,Windows,Python3
919,64,Auditory,Windows,Python3
920,64,Auditory,Windows,Python3
921,64,Auditory,Windows,Python3
922,80,Auditory,Windows,Python3
923,64,Auditory,Windows,Python3
924,64,Auditory,Windows,Python3
925,64,Auditory,Windows,Python3
926,80,Auditory,Windows,Python3
927,64,Auditory,Windows,Python3
928,64,Auditory,Windows,Python3
929,64,Auditory,Windows,Python3
930,64,Auditory,Windows,Python3
931,64,Auditory,Windows,Python3
932,64,Auditory,Windows,Python3
933,64,Auditory,Windows,Python3
934,64,Auditory,Windows,Python3
935,64,Auditory,Windows,Python3
936,64,Auditory,Windows,Python3
937,64,Auditory,Windows,Python3
938,64,Auditory,Windows,Python3
939,64,Auditory,Windows,Python3
940,64,Auditory,Windows,Python3
941,80,Auditory,Windows,Python3
942,64,Auditory,Windows,Python3
943,64,Auditory,Windows,Python3
944,64,Auditory,Windows,Python3
945,64,Auditory,Windows,Python3
946,80,Auditory,Windows,Python3
947,81,Auditory,Windows,Python3
948,64,Auditory,Windows,Python3
949,80,Auditory,Windows,Python3
950,64,Auditory,Windows,Python3
951,80,Auditory,Windows,Python3
952,64,Auditory,Windows,Python3
953,64,Auditory,Windows,Python3
954,80,Auditory,Windows,Python3
955,64,Auditory,Windows,Python3
956,64,Auditory,Windows,Python3
957,80,Auditory,Windows,Python3
958,64,Auditory,Windows,Python3
959,64,Auditory,Windows,Python3
960,64,Auditory,Windows,Python3
961,64,Auditory,Windows,Python3
962,64,Auditory,Windows,Python3
963,64,Auditory,Windows,Python3
964,80,Auditory,Windows,Python3
965,64,Auditory,Windows,Python3
966,64,Auditory,Windows,Python3
967,80,Auditory,Windows,Python3
968,64,Auditory,Windows,Python3
969,64,Auditory,Windows,Python3
970,64,Auditory,Windows,Python3
971,64,Auditory,Windows,Python3
972,64,Auditory,Windows,Python3
973,64,Auditory,Windows,Python3
974,64,Auditory,Windows,Python3
975,64,Auditory,Windows,Python3
976,64,Auditory,Windows,Python3
977,64,Auditory,Windows,Python3
978,64,Auditory,Windows,Python3
979,64,Auditory,Windows,Python3
980,64,Auditory,Windows,Python3
981,64,Auditory,Windows,Python3
982,64,Auditory,Windows,Python3
983,64,Auditory,Windows,Python3
984,64,Auditory,Windows,Python3
985,64,Auditory,Windows,Python3
986,64,Auditory,Windows,Python3
987,64,Auditory,Windows,Python3
988,64,Auditory,Windows,Python3
989,64,Auditory,Windows,Python3
990,80,Auditory,Windows,Python3
991,64,Auditory,Windows,Python3
992,64,Auditory,Windows,Python3
993,80,Auditory,Windows,Python3
994,80,Auditory,Windows,Python3
995,64,Auditory,Windows,Python3
996,80,Auditory,Windows,Python3
997,64,Auditory,Windows,Python3
998,64,Auditory,Windows,Python3
999,64,Auditory,Windows,Python3
1000,64,Auditory,Windows,Python3
1001,80,Visual,Windows,Python2
1002,64,Visual,Windows,Python2
1003,48,Visual,Windows,Python2
1004,48,Visual,Windows,Python2
1005,64,Visual,Windows,Python2
1006,48,Visual,Windows,Python2
1007,48,Visual,Windows,Python2
1008,64,Visual,Windows,Python2
1009,64,Visual,Windows,Python2
1010,48,Visual,Windows,Python2
1011,64,Visual,Windows,Python2
1012,48,Visual,Windows,Python2
1013,80,Visual,Windows,Python2
1014,64,Visual,Windows,Python2
1015,48,Visual,Windows,Python2
1016,80,Visual,Windows,Python2
1017,64,Visual,Windows,Python2
1018,48,Visual,Windows,Python2
1019,64,Visual,Windows,Python2
1020,64,Visual,Windows,Python2
1021,48,Visual,Windows,Python2
1022,48,Visual,Windows,Python2
1023,64,Visual,Windows,Python2
1024,48,Visual,Windows,Python2
1025,48,Visual,Windows,Python2
1026,80,Visual,Windows,Python2
1027,48,Visual,Windows,Python2
1028,48,Visual,Windows,Python2
1029,80,Visual,Windows,Python2
1030,64,Visual,Windows,Python2
1031,48,Visual,Windows,Python2
1032,48,Visual,Windows,Python2
1033,64,Visual,Windows,Python2
1034,48,Visual,Windows,Python2
1035,48,Visual,Windows,Python2
1036,64,Visual,Windows,Python2
1037,48,Visual,Windows,Python2
1038,48,Visual,Windows,Python2
1039,80,Visual,Windows,Python2
1040,48,Visual,Windows,Python2
1041,48,Visual,Windows,Python2
1042,48,Visual,Windows,Python2
1043,64,Visual,Windows,Python2
1044,48,Visual,Windows,Python2
1045,48,Visual,Windows,Python2
1046,64,Visual,Windows,Python2
1047,48,Visual,Windows,Python2
1048,48,Visual,Windows,Python2
1049,64,Visual,Windows,Python2
1050,48,Visual,Windows,Python2
1051,48,Visual,Windows,Python2
1052,64,Visual,Windows,Python2
1053,48,Visual,Windows,Python2
1054,48,Visual,Windows,Python2
1055,64,Visual,Windows,Python2
1056,48,Visual,Windows,Python2
1057,48,Visual,Windows,Python2
1058,80,Visual,Windows,Python2
1059,48,Visual,Windows,Python2
1060,48,Visual,Windows,Python2
1061,80,Visual,Windows,Python2
1062,64,Visual,Windows,Python2
1063,48,Visual,Windows,Python2
1064,80,Visual,Windows,Python2
1065,48,Visual,Windows,Python2
1066,48,Visual,Windows,Python2
1067,80,Visual,Windows,Python2
1068,48,Visual,Windows,Python2
1069,48,Visual,Windows,Python2
1070,48,Visual,Windows,Python2
1071,64,Visual,Windows,Python2
1072,48,Visual,Windows,Python2
1073,48,Visual,Windows,Python2
1074,64,Visual,Windows,Python2
1075,48,Visual,Windows,Python2
1076,48,Visual,Windows,Python2
1077,80,Visual,Windows,Python2
1078,64,Visual,Windows,Python2
1079,48,Visual,Windows,Python2
1080,48,Visual,Windows,Python2
1081,64,Visual,Windows,Python2
1082,48,Visual,Windows,Python2
1083,48,Visual,Windows,Python2
1084,64,Visual,Windows,Python2
1085,48,Visual,Windows,Python2
1086,64,Visual,Windows,Python2
1087,48,Visual,Windows,Python2
1088,48,Visual,Windows,Python2
1089,64,Visual,Windows,Python2
1090,64,Visual,Windows,Python2
1091,48,Visual,Windows,Python2
1092,64,Visual,Windows,Python2
1093,64,Visual,Windows,Python2
1094,48,Visual,Windows,Python2
1095,80,Visual,Windows,Python2
1096,64,Visual,Windows,Python2
1097,48,Visual,Windows,Python2
1098,48,Visual,Windows,Python2
1099,64,Visual,Windows,Python2
1100,64,Visual,Windows,Python2
1101,48,Visual,Windows,Python3
1102,48,Visual,Windows,Python3
1103,64,Visual,Windows,Python3
1104,64,Visual,Windows,Python3
1105,48,Visual,Windows,Python3
1106,64,Visual,Windows,Python3
1107,64,Visual,Windows,Python3
1108,48,Visual,Windows,Python3
1109,80,Visual,Windows,Python3
1110,64,Visual,Windows,Python3
1111,48,Visual,Windows,Python3
1112,64,Visual,Windows,Python3
1113,64,Visual,Windows,Python3
1114,48,Visual,Windows,Python3
1115,64,Visual,Windows,Python3
1116,64,Visual,Windows,Python3
1117,48,Visual,Windows,Python3
1118,64,Visual,Windows,Python3
1119,64,Visual,Windows,Python3
1120,48,Visual,Windows,Python3
1121,80,Visual,Windows,Python3
1122,64,Visual,Windows,Python3
1123,48,Visual,Windows,Python3
1124,64,Visual,Windows,Python3
1125,64,Visual,Windows,Python3
1126,48,Visual,Windows,Python3
1127,80,Visual,Windows,Python3
1128,64,Visual,Windows,Python3
1129,48,Visual,Windows,Python3
1130,64,Visual,Windows,Python3
1131,64,Visual,Windows,Python3
1132,48,Visual,Windows,Python3
1133,64,Visual,Windows,Python3
1134,64,Visual,Windows,Python3
1135,48,Visual,Windows,Python3
1136,64,Visual,Windows,Python3
1137,64,Visual,Windows,Python3
1138,48,Visual,Windows,Python3
1139,64,Visual,Windows,Python3
1140,48,Visual,Windows,Python3
1141,64,Visual,Windows,Python3
1142,48,Visual,Windows,Python3
1143,48,Visual,Windows,Python3
1144,64,Visual,Windows,Python3
1145,48,Visual,Windows,Python3
1146,80,Visual,Windows,Python3
1147,64,Visual,Windows,Python3
1148,48,Visual,Windows,Python3
1149,64,Visual,Windows,Python3
1150,64,Visual,Windows,Python3
1151,48,Visual,Windows,Python3
1152,64,Visual,Windows,Python3
1153,64,Visual,Windows,Python3
1154,64,Visual,Windows,Python3
1155,64,Visual,Windows,Python3
1156,48,Visual,Windows,Python3
1157,64,Visual,Windows,Python3
1158,64,Visual,Windows,Python3
1159,48,Visual,Windows,Python3
1160,48,Visual,Windows,Python3
1161,80,Visual,Windows,Python3
1162,48,Visual,Windows,Python3
1163,64,Visual,Windows,Python3
1164,48,Visual,Windows,Python3
1165,80,Visual,Windows,Python3
1166,64,Visual,Windows,Python3
1167,48,Visual,Windows,Python3
1168,48,Visual,Windows,Python3
1169,64,Visual,Windows,Python3
1170,48,Visual,Windows,Python3
1171,64,Visual,Windows,Python3
1172,64,Visual,Windows,Python3
1173,48,Visual,Windows,Python3
1174,80,Visual,Windows,Python3
1175,64,Visual,Windows,Python3
1176,48,Visual,Windows,Python3
1177,64,Visual,Windows,Python3
1178,48,Visual,Windows,Python3
1179,49,Visual,Windows,Python3
1180,48,Visual,Windows,Python3
1181,48,Visual,Windows,Python3
1182,48,Visual,Windows,Python3
1183,64,Visual,Windows,Python3
1184,48,Visual,Windows,Python3
1185,48,Visual,Windows,Python3
1186,48,Visual,Windows,Python3
1187,64,Visual,Windows,Python3
1188,48,Visual,Windows,Python3
1189,64,Visual,Windows,Python3
1190,48,Visual,Windows,Python3
1191,64,Visual,Windows,Python3
1192,64,Visual,Windows,Python3
1193,48,Visual,Windows,Python3
1194,49,Visual,Windows,Python3
1195,48,Visual,Windows,Python3
1196,48,Visual,Windows,Python3
1197,80,Visual,Windows,Python3
1198,48,Visual,Windows,Python3
1199,80,Visual,Windows,Python3
1200,48,Visual,Windows,Python3
